{"epoch_0": {"epoch": 0, "train_loss": 3.4554982174814275, "val_loss": 2.0243280749571952, "bleu_score": 0.006455683350424781, "rouge1_score": 0.026653605882747438, "rougeL_score": 0.026354624312717786}, "epoch_1": {"epoch": 1, "train_loss": 1.5290964797007298, "val_loss": 1.432498622358891, "bleu_score": 0.00953196736257462, "rouge1_score": 0.028163410545337216, "rougeL_score": 0.02800989730358098}, "epoch_2": {"epoch": 2, "train_loss": 1.0218189762229413, "val_loss": 1.1936988527314705, "bleu_score": 0.011156032238333176, "rouge1_score": 0.030687663434005648, "rougeL_score": 0.030595508495444276}}